Region,Date,Area,Estimated Unemployment Rate (%),Estimated Labour Participation Rate (%),Estimated Employed
Andhra Pradesh,2019-01-01,Rural,6.63,40.65,1253164
Andhra Pradesh,2019-02-01,Rural,8.61,52.72,8422262
Andhra Pradesh,2019-03-01,Rural,7.92,41.12,4522744
Andhra Pradesh,2019-04-01,Rural,7.77,46.92,6237689
Andhra Pradesh,2019-05-01,Rural,8.56,40.37,4330556
Andhra Pradesh,2019-06-01,Rural,5.47,44.23,6723758
Andhra Pradesh,2019-07-01,Rural,5.62,46.74,8579439
Andhra Pradesh,2019-08-01,Rural,6.3,38.79,8723373
Andhra Pradesh,2019-09-01,Rural,4.9,39.66,9911141
Andhra Pradesh,2019-10-01,Rural,6.64,45.48,2118748
Andhra Pradesh,2019-11-01,Rural,5.71,53.46,4009389
Andhra Pradesh,2019-12-01,Rural,6.99,49.26,4668886
Andhra Pradesh,2020-01-01,Rural,10.52,41.14,13026698
Andhra Pradesh,2020-02-01,Rural,9.49,51.18,12782628
Andhra Pradesh,2020-03-01,Rural,20.5,39.5,2656739
Andhra Pradesh,2020-04-01,Rural,24.15,43.53,4654318
Andhra Pradesh,2020-05-01,Rural,26.36,42.78,6163341
Andhra Pradesh,2020-06-01,Rural,25.17,51.64,1183093
Andhra Pradesh,2020-07-01,Rural,17.48,38.09,10170217
Andhra Pradesh,2020-08-01,Rural,16.26,50.39,9784051
Andhra Pradesh,2020-09-01,Rural,5.29,39.97,12326616
Andhra Pradesh,2020-10-01,Rural,5.07,48.6,5029210
Andhra Pradesh,2019-01-01,Urban,9.67,43.53,10008200
Andhra Pradesh,2019-02-01,Urban,9.98,48.84,12030281
Andhra Pradesh,2019-03-01,Urban,9.56,50.13,10429284
Andhra Pradesh,2019-04-01,Urban,10.32,47.54,10473929
Andhra Pradesh,2019-05-01,Urban,13.22,45.27,753773
Andhra Pradesh,2019-06-01,Urban,8.17,39.83,877594
Andhra Pradesh,2019-07-01,Urban,6.93,46.65,12713578
Andhra Pradesh,2019-08-01,Urban,8.84,42.24,5880409
Andhra Pradesh,2019-09-01,Urban,6.81,39.31,4381420
Andhra Pradesh,2019-10-01,Urban,8.54,40.74,12786686
Andhra Pradesh,2019-11-01,Urban,8.85,52.81,11078088
Andhra Pradesh,2019-12-01,Urban,10.25,41.17,12063832
Andhra Pradesh,2020-01-01,Urban,11.22,53.23,4537739
Andhra Pradesh,2020-02-01,Urban,10.57,39.87,3402872
Andhra Pradesh,2020-03-01,Urban,18.88,38.12,6413127
Andhra Pradesh,2020-04-01,Urban,31.92,41.78,1523741
Andhra Pradesh,2020-05-01,Urban,29.75,46.82,7512573
Andhra Pradesh,2020-06-01,Urban,29.95,54.52,10125531
Andhra Pradesh,2020-07-01,Urban,13.19,42.84,898373
Andhra Pradesh,2020-08-01,Urban,17.04,46.55,1034090
Andhra Pradesh,2020-09-01,Urban,8.07,42.07,2390999
Andhra Pradesh,2020-10-01,Urban,7.54,46.32,13677041
Assam,2019-01-01,Rural,7.83,42.04,10193287
Assam,2019-02-01,Rural,7.99,44.25,8896176
Assam,2019-03-01,Rural,8.02,39.53,11599996
Assam,2019-04-01,Rural,9.43,43.45,2902462
Assam,2019-05-01,Rural,6.79,49.52,690270
Assam,2019-06-01,Rural,5.43,46.71,3578595
Assam,2019-07-01,Rural,4.12,49.75,5855774
Assam,2019-08-01,Rural,5.11,53.92,2366582
Assam,2019-09-01,Rural,3.65,53.72,12738417
Assam,2019-10-01,Rural,4.32,42.39,9635223
Assam,2019-11-01,Rural,5.41,47.0,3789930
Assam,2019-12-01,Rural,7.24,39.58,12531047
Assam,2020-01-01,Rural,6.95,43.76,5177077
Assam,2020-02-01,Rural,8.02,50.34,12425113
Assam,2020-03-01,Rural,19.26,39.43,2295830
Assam,2020-04-01,Rural,36.93,48.31,399452
Assam,2020-05-01,Rural,23.38,49.76,7625991
Assam,2020-06-01,Rural,23.08,50.11,3030591
Assam,2020-07-01,Rural,13.23,52.44,8707282
Assam,2020-08-01,Rural,14.88,39.59,4963864
Assam,2020-09-01,Rural,3.55,54.54,5980010
Assam,2020-10-01,Rural,3.82,53.16,9282668
Assam,2019-01-01,Urban,8.48,47.81,6993478
Assam,2019-02-01,Urban,10.47,41.32,9826420
Assam,2019-03-01,Urban,8.15,53.99,13164413
Assam,2019-04-01,Urban,9.5,53.55,5309972
Assam,2019-05-01,Urban,8.94,54.38,11718102
Assam,2019-06-01,Urban,7.64,43.01,5618829
Assam,2019-07-01,Urban,6.52,40.88,8014544
Assam,2019-08-01,Urban,7.27,53.91,9821860
Assam,2019-09-01,Urban,5.33,48.46,14063445
Assam,2019-10-01,Urban,6.57,40.38,7488977
Assam,2019-11-01,Urban,7.33,49.85,9903250
Assam,2019-12-01,Urban,8.28,44.11,4363282
Assam,2020-01-01,Urban,8.98,52.74,12507626
Assam,2020-02-01,Urban,9.53,46.69,7031300
Assam,2020-03-01,Urban,21.14,51.53,10571737
Assam,2020-04-01,Urban,30.07,44.38,1302528
Assam,2020-05-01,Urban,32.1,47.22,3160551
Assam,2020-06-01,Urban,31.05,38.52,718197
Assam,2020-07-01,Urban,16.83,46.88,9701415
Assam,2020-08-01,Urban,12.59,48.59,1518708
Assam,2020-09-01,Urban,6.26,47.19,9132551
Assam,2020-10-01,Urban,5.77,50.34,13805036
Bihar,2019-01-01,Rural,9.93,42.6,6183490
Bihar,2019-02-01,Rural,8.8,39.33,791230
Bihar,2019-03-01,Rural,8.86,40.95,2523101
Bihar,2019-04-01,Rural,11.09,42.25,7525089
Bihar,2019-05-01,Rural,9.83,42.76,12935984
Bihar,2019-06-01,Rural,9.4,50.54,7735821
Bihar,2019-07-01,Rural,6.05,42.21,5318874
Bihar,2019-08-01,Rural,8.68,50.88,647224
Bihar,2019-09-01,Rural,6.39,39.66,7140743
Bihar,2019-10-01,Rural,8.7,46.05,2749331
Bihar,2019-11-01,Rural,5.39,48.47,9185993
Bihar,2019-12-01,Rural,6.83,38.77,5526722
Bihar,2020-01-01,Rural,8.94,52.56,9152602
Bihar,2020-02-01,Rural,11.78,40.77,1343847
Bihar,2020-03-01,Rural,19.2,53.98,7146508
Bihar,2020-04-01,Rural,29.87,48.94,5010792
Bihar,2020-05-01,Rural,31.91,54.34,9278631
Bihar,2020-06-01,Rural,26.66,39.18,1438490
Bihar,2020-07-01,Rural,12.79,39.21,4469694
Bihar,2020-08-01,Rural,17.12,38.4,10202012
Bihar,2020-09-01,Rural,6.01,49.84,9041705
Bihar,2020-10-01,Rural,6.48,52.92,10435917
Bihar,2019-01-01,Urban,10.69,41.02,10166993
Bihar,2019-02-01,Urban,12.75,51.72,12968074
Bihar,2019-03-01,Urban,10.28,51.2,4882148
Bihar,2019-04-01,Urban,10.65,53.82,11568391
Bihar,2019-05-01,Urban,12.87,50.83,1738453
Bihar,2019-06-01,Urban,10.13,53.34,7033369
Bihar,2019-07-01,Urban,9.3,53.22,5572311
Bihar,2019-08-01,Urban,10.22,38.18,12235303
Bihar,2019-09-01,Urban,8.8,54.15,13027045
Bihar,2019-10-01,Urban,8.66,47.75,8825193
Bihar,2019-11-01,Urban,8.03,43.59,9428579
Bihar,2019-12-01,Urban,10.12,50.79,10765403
Bihar,2020-01-01,Urban,10.62,47.34,6169153
Bihar,2020-02-01,Urban,11.86,53.09,4925513
Bihar,2020-03-01,Urban,18.3,48.51,1606411
Bihar,2020-04-01,Urban,27.57,49.92,1126387
Bihar,2020-05-01,Urban,38.18,39.44,9153773
Bihar,2020-06-01,Urban,31.42,44.3,8425996
Bihar,2020-07-01,Urban,20.73,51.21,6814575
Bihar,2020-08-01,Urban,17.03,53.41,1752699
Bihar,2020-09-01,Urban,8.77,45.97,1200986
Bihar,2020-10-01,Urban,9.27,40.02,1999897
Delhi,2019-01-01,Rural,10.46,54.36,5314577
Delhi,2019-02-01,Rural,12.03,42.86,11519991
Delhi,2019-03-01,Rural,10.92,39.25,7599504
Delhi,2019-04-01,Rural,10.51,54.48,7235572
Delhi,2019-05-01,Rural,11.39,45.73,8505735
Delhi,2019-06-01,Rural,10.15,47.93,12189361
Delhi,2019-07-01,Rural,10.63,42.72,2884533
Delhi,2019-08-01,Rural,7.09,45.88,5225099
Delhi,2019-09-01,Rural,6.93,54.56,13773738
Delhi,2019-10-01,Rural,8.05,49.87,7607799
Delhi,2019-11-01,Rural,9.39,49.64,2589467
Delhi,2019-12-01,Rural,8.62,53.49,11356001
Delhi,2020-01-01,Rural,8.62,53.86,11931882
Delhi,2020-02-01,Rural,12.32,38.77,773582
Delhi,2020-03-01,Rural,18.62,44.48,11851345
Delhi,2020-04-01,Rural,37.03,52.25,4594530
Delhi,2020-05-01,Rural,31.06,52.7,8471028
Delhi,2020-06-01,Rural,39.13,54.94,5206334
Delhi,2020-07-01,Rural,18.51,40.2,11680052
Delhi,2020-08-01,Rural,15.54,41.89,8648545
Delhi,2020-09-01,Rural,6.16,39.93,9607206
Delhi,2020-10-01,Rural,9.17,46.85,10625581
Delhi,2019-01-01,Urban,13.88,47.38,7435163
Delhi,2019-02-01,Urban,13.32,52.9,5504719
Delhi,2019-03-01,Urban,14.1,49.97,3082176
Delhi,2019-04-01,Urban,14.62,40.32,606968
Delhi,2019-05-01,Urban,13.76,44.67,5901721
Delhi,2019-06-01,Urban,10.19,53.37,4984020
Delhi,2019-07-01,Urban,12.7,44.74,8310789
Delhi,2019-08-01,Urban,10.73,52.66,12737537
Delhi,2019-09-01,Urban,8.75,45.81,13423540
Delhi,2019-10-01,Urban,10.6,46.37,4708754
Delhi,2019-11-01,Urban,9.9,39.29,2134312
Delhi,2019-12-01,Urban,12.62,40.18,2361482
Delhi,2020-01-01,Urban,13.07,41.09,4791823
Delhi,2020-02-01,Urban,12.31,53.25,6464826
Delhi,2020-03-01,Urban,22.68,38.69,2280657
Delhi,2020-04-01,Urban,31.95,41.01,1215428
Delhi,2020-05-01,Urban,28.08,44.19,5609652
Delhi,2020-06-01,Urban,37.12,38.67,7603566
Delhi,2020-07-01,Urban,21.45,50.72,2494447
Delhi,2020-08-01,Urban,16.5,44.3,6284025
Delhi,2020-09-01,Urban,8.94,45.86,10325067
Delhi,2020-10-01,Urban,12.02,38.62,3660279
Gujarat,2019-01-01,Rural,10.49,47.05,1838624
Gujarat,2019-02-01,Rural,11.97,45.61,7238296
Gujarat,2019-03-01,Rural,10.4,44.41,708794
Gujarat,2019-04-01,Rural,10.1,43.48,3205784
Gujarat,2019-05-01,Rural,9.68,53.14,8225198
Gujarat,2019-06-01,Rural,9.36,49.54,10825596
Gujarat,2019-07-01,Rural,8.08,47.13,8280998
Gujarat,2019-08-01,Rural,8.4,50.67,6191000
Gujarat,2019-09-01,Rural,7.82,44.17,9094419
Gujarat,2019-10-01,Rural,7.74,47.7,5225091
Gujarat,2019-11-01,Rural,8.98,42.03,1798326
Gujarat,2019-12-01,Rural,9.83,40.6,3666491
Gujarat,2020-01-01,Rural,10.07,42.85,2710268
Gujarat,2020-02-01,Rural,10.59,53.25,1487196
Gujarat,2020-03-01,Rural,20.15,39.9,5005794
Gujarat,2020-04-01,Rural,40.5,52.71,7347079
Gujarat,2020-05-01,Rural,29.83,53.8,6016038
Gujarat,2020-06-01,Rural,32.3,42.76,7891827
Gujarat,2020-07-01,Rural,14.5,46.63,3432660
Gujarat,2020-08-01,Rural,12.41,48.38,4103869
Gujarat,2020-09-01,Rural,7.07,46.18,7641405
Gujarat,2020-10-01,Rural,8.68,38.88,4913953
Gujarat,2019-01-01,Urban,12.77,49.59,10052139
Gujarat,2019-02-01,Urban,14.68,48.13,6260795
Gujarat,2019-03-01,Urban,12.35,53.8,10994976
Gujarat,2019-04-01,Urban,12.89,54.41,2005651
Gujarat,2019-05-01,Urban,13.54,41.08,1265964
Gujarat,2019-06-01,Urban,12.71,50.6,7707741
Gujarat,2019-07-01,Urban,11.75,51.52,3021358
Gujarat,2019-08-01,Urban,11.43,40.78,2552356
Gujarat,2019-09-01,Urban,11.66,46.89,5037935
Gujarat,2019-10-01,Urban,12.35,52.91,5425640
Gujarat,2019-11-01,Urban,11.62,44.41,6371280
Gujarat,2019-12-01,Urban,13.92,43.12,9761773
Gujarat,2020-01-01,Urban,11.79,53.29,5351277
Gujarat,2020-02-01,Urban,13.93,47.24,11742722
Gujarat,2020-03-01,Urban,22.01,40.37,9369233
Gujarat,2020-04-01,Urban,39.36,47.07,8162652
Gujarat,2020-05-01,Urban,39.74,42.22,6801856
Gujarat,2020-06-01,Urban,27.27,47.69,8404196
Gujarat,2020-07-01,Urban,24.04,39.88,9702317
Gujarat,2020-08-01,Urban,16.7,44.75,10046366
Gujarat,2020-09-01,Urban,10.69,50.28,9770830
Gujarat,2020-10-01,Urban,10.77,48.9,9424998
Haryana,2019-01-01,Rural,8.32,41.09,12535250
Haryana,2019-02-01,Rural,8.4,47.92,5782349
Haryana,2019-03-01,Rural,10.5,40.61,8055643
Haryana,2019-04-01,Rural,9.59,46.6,8468323
Haryana,2019-05-01,Rural,9.2,49.84,12599461
Haryana,2019-06-01,Rural,9.07,50.02,2465920
Haryana,2019-07-01,Rural,9.47,45.21,10119415
Haryana,2019-08-01,Rural,8.39,53.88,12753046
Haryana,2019-09-01,Rural,5.85,54.74,11922899
Haryana,2019-10-01,Rural,6.92,40.12,12894054
Haryana,2019-11-01,Rural,7.65,48.05,5804851
Haryana,2019-12-01,Rural,9.44,38.93,4854557
Haryana,2020-01-01,Rural,8.08,47.14,12719846
Haryana,2020-02-01,Rural,7.99,43.89,5089131
Haryana,2020-03-01,Rural,18.5,45.69,2072038
Haryana,2020-04-01,Rural,27.03,46.47,4797622
Haryana,2020-05-01,Rural,38.89,48.75,421545
Haryana,2020-06-01,Rural,31.45,41.03,9895555
Haryana,2020-07-01,Rural,12.83,54.95,6783160
Haryana,2020-08-01,Rural,16.05,39.14,9549295
Haryana,2020-09-01,Rural,7.04,41.49,3035121
Haryana,2020-10-01,Rural,6.9,38.62,6838285
Haryana,2019-01-01,Urban,10.88,51.18,6303074
Haryana,2019-02-01,Urban,12.25,46.91,6046918
Haryana,2019-03-01,Urban,13.59,40.64,2711496
Haryana,2019-04-01,Urban,10.07,52.65,12786856
Haryana,2019-05-01,Urban,10.19,48.95,5771974
Haryana,2019-06-01,Urban,10.07,38.43,2485952
Haryana,2019-07-01,Urban,11.03,38.46,3308434
Haryana,2019-08-01,Urban,10.82,41.93,9134534
Haryana,2019-09-01,Urban,8.82,49.1,3604945
Haryana,2019-10-01,Urban,10.03,39.69,3622001
Haryana,2019-11-01,Urban,10.81,52.11,5582840
Haryana,2019-12-01,Urban,11.29,49.36,3080301
Haryana,2020-01-01,Urban,12.19,38.22,1527827
Haryana,2020-02-01,Urban,11.83,41.53,780021
Haryana,2020-03-01,Urban,16.94,53.18,10259776
Haryana,2020-04-01,Urban,34.04,42.41,3961535
Haryana,2020-05-01,Urban,36.21,44.96,5425553
Haryana,2020-06-01,Urban,30.97,43.01,9838093
Haryana,2020-07-01,Urban,21.41,51.6,5238398
Haryana,2020-08-01,Urban,14.67,42.57,7128073
Haryana,2020-09-01,Urban,8.0,40.37,11598454
Haryana,2020-10-01,Urban,10.29,54.73,7286818
Karnataka,2019-01-01,Rural,4.49,47.42,9498656
Karnataka,2019-02-01,Rural,7.22,52.11,3240754
Karnataka,2019-03-01,Rural,8.49,49.31,2784421
Karnataka,2019-04-01,Rural,8.24,53.55,6030430
Karnataka,2019-05-01,Rural,6.51,38.8,2721681
Karnataka,2019-06-01,Rural,3.0,50.55,1649500
Karnataka,2019-07-01,Rural,3.19,44.62,4536617
Karnataka,2019-08-01,Rural,4.66,44.05,10417506
Karnataka,2019-09-01,Rural,4.45,46.09,9673011
Karnataka,2019-10-01,Rural,2.32,53.93,10864166
Karnataka,2019-11-01,Rural,5.23,38.87,7294664
Karnataka,2019-12-01,Rural,3.85,48.15,5140467
Karnataka,2020-01-01,Rural,5.77,39.28,10420508
Karnataka,2020-02-01,Rural,6.91,46.42,9757016
Karnataka,2020-03-01,Rural,15.62,51.59,8921054
Karnataka,2020-04-01,Rural,25.19,48.03,4289571
Karnataka,2020-05-01,Rural,22.42,41.15,6483569
Karnataka,2020-06-01,Rural,34.09,50.45,8038022
Karnataka,2020-07-01,Rural,15.07,42.24,6451933
Karnataka,2020-08-01,Rural,11.08,54.79,12616444
Karnataka,2020-09-01,Rural,4.69,38.58,10114659
Karnataka,2020-10-01,Rural,4.21,43.05,13318641
Karnataka,2019-01-01,Urban,8.86,52.36,4672476
Karnataka,2019-02-01,Urban,8.2,52.09,951566
Karnataka,2019-03-01,Urban,7.08,40.05,1501416
Karnataka,2019-04-01,Urban,8.79,49.84,4951291
Karnataka,2019-05-01,Urban,7.47,43.36,7700554
Karnataka,2019-06-01,Urban,7.12,51.44,4757208
Karnataka,2019-07-01,Urban,7.1,48.47,3602455
Karnataka,2019-08-01,Urban,5.97,38.41,12333453
Karnataka,2019-09-01,Urban,6.2,51.58,14042071
Karnataka,2019-10-01,Urban,5.73,43.96,10957761
Karnataka,2019-11-01,Urban,5.73,48.67,12414352
Karnataka,2019-12-01,Urban,4.5,54.73,11116066
Karnataka,2020-01-01,Urban,6.05,50.54,3722406
Karnataka,2020-02-01,Urban,6.53,39.88,5273828
Karnataka,2020-03-01,Urban,14.49,38.72,649152
Karnataka,2020-04-01,Urban,37.33,45.27,3805629
Karnataka,2020-05-01,Urban,33.91,54.06,4809254
Karnataka,2020-06-01,Urban,30.97,40.84,10265710
Karnataka,2020-07-01,Urban,13.02,48.33,6900691
Karnataka,2020-08-01,Urban,12.79,41.0,3224065
Karnataka,2020-09-01,Urban,6.04,43.95,1257848
Karnataka,2020-10-01,Urban,5.06,54.47,12640688
Kerala,2019-01-01,Rural,13.59,49.83,2360212
Kerala,2019-02-01,Rural,12.15,51.87,3298218
Kerala,2019-03-01,Rural,13.12,48.08,7741653
Kerala,2019-04-01,Rural,11.21,39.56,11741483
Kerala,2019-05-01,Rural,11.56,53.11,12697394
Kerala,2019-06-01,Rural,11.03,52.66,10887605
Kerala,2019-07-01,Rural,11.33,39.48,5694858
Kerala,2019-08-01,Rural,12.13,44.34,3748776
Kerala,2019-09-01,Rural,9.89,39.38,3327493
Kerala,2019-10-01,Rural,11.92,49.62,1412752
Kerala,2019-11-01,Rural,10.66,46.17,8121328
Kerala,2019-12-01,Rural,12.61,52.02,4844208
Kerala,2020-01-01,Rural,12.85,42.54,11538259
Kerala,2020-02-01,Rural,14.57,51.56,8583848
Kerala,2020-03-01,Rural,24.28,52.23,8036236
Kerala,2020-04-01,Rural,38.64,48.52,7004078
Kerala,2020-05-01,Rural,29.18,50.64,2004905
Kerala,2020-06-01,Rural,37.86,52.15,4883296
Kerala,2020-07-01,Rural,16.53,54.68,8063851
Kerala,2020-08-01,Rural,15.45,48.78,7042651
Kerala,2020-09-01,Rural,9.61,50.94,7545733
Kerala,2020-10-01,Rural,10.34,54.37,4892761
Kerala,2019-01-01,Urban,16.21,39.74,11806344
Kerala,2019-02-01,Urban,16.33,49.69,1241296
Kerala,2019-03-01,Urban,17.42,39.14,7383665
Kerala,2019-04-01,Urban,15.12,43.88,8066270
Kerala,2019-05-01,Urban,15.04,50.89,727693
Kerala,2019-06-01,Urban,15.23,38.38,4401769
Kerala,2019-07-01,Urban,15.66,49.62,5874489
Kerala,2019-08-01,Urban,13.48,42.65,12941351
Kerala,2019-09-01,Urban,11.9,40.78,10593721
Kerala,2019-10-01,Urban,11.35,49.79,3281048
Kerala,2019-11-01,Urban,14.34,49.13,3822266
Kerala,2019-12-01,Urban,14.28,54.16,2306036
Kerala,2020-01-01,Urban,16.25,45.14,8172964
Kerala,2020-02-01,Urban,16.05,44.76,3757770
Kerala,2020-03-01,Urban,29.13,41.91,2544089
Kerala,2020-04-01,Urban,31.41,49.08,4008257
Kerala,2020-05-01,Urban,44.07,41.15,7324119
Kerala,2020-06-01,Urban,41.47,51.11,7462370
Kerala,2020-07-01,Urban,23.48,38.55,10599578
Kerala,2020-08-01,Urban,23.19,51.54,5747027
Kerala,2020-09-01,Urban,12.67,41.41,6661467
Kerala,2020-10-01,Urban,15.35,39.09,7566465
Madhya Pradesh,2019-01-01,Rural,6.27,45.74,626600
Madhya Pradesh,2019-02-01,Rural,8.45,39.23,5668205
Madhya Pradesh,2019-03-01,Rural,10.12,42.96,9506373
Madhya Pradesh,2019-04-01,Rural,6.96,52.62,10986590
Madhya Pradesh,2019-05-01,Rural,6.88,39.78,3733878
Madhya Pradesh,2019-06-01,Rural,5.58,54.77,2422968
Madhya Pradesh,2019-07-01,Rural,7.8,49.94,7942600
Madhya Pradesh,2019-08-01,Rural,4.83,38.17,4980885
Madhya Pradesh,2019-09-01,Rural,3.78,43.96,944389
Madhya Pradesh,2019-10-01,Rural,4.89,39.34,5949463
Madhya Pradesh,2019-11-01,Rural,5.6,49.72,11430750
Madhya Pradesh,2019-12-01,Rural,5.09,41.4,2779456
Madhya Pradesh,2020-01-01,Rural,7.18,50.01,889239
Madhya Pradesh,2020-02-01,Rural,6.65,53.92,1170189
Madhya Pradesh,2020-03-01,Rural,17.14,50.14,10046913
Madhya Pradesh,2020-04-01,Rural,27.94,51.85,1197458
Madhya Pradesh,2020-05-01,Rural,36.64,45.69,6229320
Madhya Pradesh,2020-06-01,Rural,29.25,50.44,1191245
Madhya Pradesh,2020-07-01,Rural,10.17,52.82,3304378
Madhya Pradesh,2020-08-01,Rural,16.2,43.73,2631912
Madhya Pradesh,2020-09-01,Rural,5.27,46.47,8101986
Madhya Pradesh,2020-10-01,Rural,5.98,50.23,3584515
Madhya Pradesh,2019-01-01,Urban,7.62,49.56,1429009
Madhya Pradesh,2019-02-01,Urban,9.86,38.52,3818656
Madhya Pradesh,2019-03-01,Urban,10.59,50.36,10075991
Madhya Pradesh,2019-04-01,Urban,9.19,45.23,5009361
Madhya Pradesh,2019-05-01,Urban,7.19,50.33,7013696
Madhya Pradesh,2019-06-01,Urban,10.0,52.85,12204258
Madhya Pradesh,2019-07-01,Urban,5.61,48.07,12958427
Madhya Pradesh,2019-08-01,Urban,6.13,41.58,8949049
Madhya Pradesh,2019-09-01,Urban,7.87,40.24,10022776
Madhya Pradesh,2019-10-01,Urban,7.48,53.45,2873260
Madhya Pradesh,2019-11-01,Urban,7.57,46.37,3775572
Madhya Pradesh,2019-12-01,Urban,7.71,52.8,6420822
Madhya Pradesh,2020-01-01,Urban,6.51,48.08,2684098
Madhya Pradesh,2020-02-01,Urban,9.53,44.65,13168988
Madhya Pradesh,2020-03-01,Urban,15.01,51.15,2037783
Madhya Pradesh,2020-04-01,Urban,40.0,45.71,2353454
Madhya Pradesh,2020-05-01,Urban,24.93,43.73,9398269
Madhya Pradesh,2020-06-01,Urban,28.18,42.23,6786189
Madhya Pradesh,2020-07-01,Urban,16.85,38.62,9294776
Madhya Pradesh,2020-08-01,Urban,16.0,46.07,10702522
Madhya Pradesh,2020-09-01,Urban,6.86,52.76,3245640
Madhya Pradesh,2020-10-01,Urban,8.0,39.9,4058581
Maharashtra,2019-01-01,Rural,5.93,38.67,2135849
Maharashtra,2019-02-01,Rural,5.81,45.69,13225720
Maharashtra,2019-03-01,Rural,6.04,38.71,2490981
Maharashtra,2019-04-01,Rural,3.76,54.77,13949596
Maharashtra,2019-05-01,Rural,6.12,45.73,7487761
Maharashtra,2019-06-01,Rural,4.8,46.31,9681070
Maharashtra,2019-07-01,Rural,4.81,41.43,9770534
Maharashtra,2019-08-01,Rural,2.12,54.49,1822137
Maharashtra,2019-09-01,Rural,2.33,52.76,2997082
Maharashtra,2019-10-01,Rural,5.07,49.77,12010967
Maharashtra,2019-11-01,Rural,3.86,46.45,9093948
Maharashtra,2019-12-01,Rural,4.82,52.77,8350796
Maharashtra,2020-01-01,Rural,6.31,41.67,9419218
Maharashtra,2020-02-01,Rural,6.94,44.7,9252567
Maharashtra,2020-03-01,Rural,12.71,51.3,7613378
Maharashtra,2020-04-01,Rural,31.58,52.93,4351529
Maharashtra,2020-05-01,Rural,26.16,50.96,8911338
Maharashtra,2020-06-01,Rural,26.56,51.9,1647273
Maharashtra,2020-07-01,Rural,11.24,49.82,5444614
Maharashtra,2020-08-01,Rural,9.65,42.04,5341346
Maharashtra,2020-09-01,Rural,4.6,48.53,6888606
Maharashtra,2020-10-01,Rural,4.17,44.46,12475802
Maharashtra,2019-01-01,Urban,4.04,38.44,5227756
Maharashtra,2019-02-01,Urban,9.38,44.46,5693359
Maharashtra,2019-03-01,Urban,8.32,48.33,10626884
Maharashtra,2019-04-01,Urban,9.53,51.82,9872524
Maharashtra,2019-05-01,Urban,7.3,42.14,12923867
Maharashtra,2019-06-01,Urban,6.07,39.02,13195840
Maharashtra,2019-07-01,Urban,4.29,46.26,4042093
Maharashtra,2019-08-01,Urban,4.21,42.84,4746871
Maharashtra,2019-09-01,Urban,4.47,43.29,8931565
Maharashtra,2019-10-01,Urban,5.89,50.17,4190911
Maharashtra,2019-11-01,Urban,4.06,41.08,9954808
Maharashtra,2019-12-01,Urban,5.57,41.08,7662946
Maharashtra,2020-01-01,Urban,5.94,47.64,3969384
Maharashtra,2020-02-01,Urban,7.41,54.37,6954626
Maharashtra,2020-03-01,Urban,17.36,48.76,11814149
Maharashtra,2020-04-01,Urban,31.18,51.93,9167427
Maharashtra,2020-05-01,Urban,25.46,44.99,9449597
Maharashtra,2020-06-01,Urban,33.0,44.01,2636288
Maharashtra,2020-07-01,Urban,16.31,45.2,8519172
Maharashtra,2020-08-01,Urban,9.6,48.61,6373561
Maharashtra,2020-09-01,Urban,3.11,50.53,12606436
Maharashtra,2020-10-01,Urban,4.8,41.68,1797159
Punjab,2019-01-01,Rural,6.16,47.29,3625115
Punjab,2019-02-01,Rural,7.11,44.65,8471340
Punjab,2019-03-01,Rural,6.0,40.32,9944450
Punjab,2019-04-01,Rural,5.49,44.87,6340840
Punjab,2019-05-01,Rural,5.92,54.85,2222009
Punjab,2019-06-01,Rural,5.29,39.77,10420511
Punjab,2019-07-01,Rural,1.82,39.35,1710407
Punjab,2019-08-01,Rural,3.45,53.2,3168732
Punjab,2019-09-01,Rural,1.59,44.03,1482715
Punjab,2019-10-01,Rural,2.18,46.82,1448128
Punjab,2019-11-01,Rural,2.82,47.18,12887541
Punjab,2019-12-01,Rural,4.89,49.06,7825504
Punjab,2020-01-01,Rural,3.77,49.38,14353245
Punjab,2020-02-01,Rural,4.25,49.25,8222473
Punjab,2020-03-01,Rural,15.1,47.56,12213540
Punjab,2020-04-01,Rural,23.06,49.73,2626310
Punjab,2020-05-01,Rural,27.87,50.85,3996108
Punjab,2020-06-01,Rural,28.26,51.52,10003638
Punjab,2020-07-01,Rural,8.99,54.87,12688270
Punjab,2020-08-01,Rural,11.35,52.31,7139503
Punjab,2020-09-01,Rural,1.94,50.84,2306221
Punjab,2020-10-01,Rural,3.12,52.04,11470560
Punjab,2019-01-01,Urban,5.13,44.12,1680060
Punjab,2019-02-01,Urban,5.86,53.93,8030681
Punjab,2019-03-01,Urban,6.1,45.6,8647100
Punjab,2019-04-01,Urban,5.14,46.77,13119726
Punjab,2019-05-01,Urban,6.45,52.47,3296243
Punjab,2019-06-01,Urban,5.44,53.82,2068229
Punjab,2019-07-01,Urban,4.26,52.93,12529682
Punjab,2019-08-01,Urban,5.31,51.7,11320236
Punjab,2019-09-01,Urban,3.44,44.85,2912390
Punjab,2019-10-01,Urban,3.91,49.81,5302650
Punjab,2019-11-01,Urban,4.75,51.98,2306669
Punjab,2019-12-01,Urban,5.62,52.65,13100432
Punjab,2020-01-01,Urban,8.66,51.0,2772293
Punjab,2020-02-01,Urban,6.44,46.54,5875844
Punjab,2020-03-01,Urban,12.36,38.44,2155842
Punjab,2020-04-01,Urban,36.0,47.34,9282157
Punjab,2020-05-01,Urban,27.75,45.47,1468264
Punjab,2020-06-01,Urban,28.08,41.67,6820648
Punjab,2020-07-01,Urban,14.03,38.99,12830937
Punjab,2020-08-01,Urban,11.04,49.82,13133176
Punjab,2020-09-01,Urban,3.38,40.06,4731847
Punjab,2020-10-01,Urban,3.74,39.72,10142715
Rajasthan,2019-01-01,Rural,5.41,51.84,8911125
Rajasthan,2019-02-01,Rural,5.8,43.21,8992753
Rajasthan,2019-03-01,Rural,3.44,40.22,12895733
Rajasthan,2019-04-01,Rural,6.73,45.65,3098397
Rajasthan,2019-05-01,Rural,4.08,52.07,10683200
Rajasthan,2019-06-01,Rural,2.7,51.08,642158
Rajasthan,2019-07-01,Rural,3.17,38.33,4131940
Rajasthan,2019-08-01,Rural,0.61,50.92,2472956
Rajasthan,2019-09-01,Rural,1.52,38.21,3936683
Rajasthan,2019-10-01,Rural,3.38,54.59,11712232
Rajasthan,2019-11-01,Rural,3.73,39.87,8130143
Rajasthan,2019-12-01,Rural,5.08,45.72,12096126
Rajasthan,2020-01-01,Rural,5.22,40.55,4935900
Rajasthan,2020-02-01,Rural,4.86,50.54,7042209
Rajasthan,2020-03-01,Rural,12.75,51.35,11721600
Rajasthan,2020-04-01,Rural,32.85,51.38,3406736
Rajasthan,2020-05-01,Rural,28.97,52.29,750903
Rajasthan,2020-06-01,Rural,32.62,45.85,6562612
Rajasthan,2020-07-01,Rural,13.64,48.44,1266424
Rajasthan,2020-08-01,Rural,12.63,40.55,9779403
Rajasthan,2020-09-01,Rural,5.01,38.71,1642807
Rajasthan,2020-10-01,Rural,3.34,50.18,1493676
Rajasthan,2019-01-01,Urban,5.25,43.94,11116438
Rajasthan,2019-02-01,Urban,6.18,49.24,2988633
Rajasthan,2019-03-01,Urban,8.53,42.51,735117
Rajasthan,2019-04-01,Urban,7.87,39.4,13390753
Rajasthan,2019-05-01,Urban,7.59,48.62,5579596
Rajasthan,2019-06-01,Urban,5.09,41.5,2145040
Rajasthan,2019-07-01,Urban,6.43,48.95,7663128
Rajasthan,2019-08-01,Urban,5.11,38.71,13800658
Rajasthan,2019-09-01,Urban,3.7,54.66,8885475
Rajasthan,2019-10-01,Urban,5.48,47.9,10725623
Rajasthan,2019-11-01,Urban,5.64,40.18,5100252
Rajasthan,2019-12-01,Urban,6.92,53.78,3496934
Rajasthan,2020-01-01,Urban,5.55,45.47,8866326
Rajasthan,2020-02-01,Urban,5.18,54.03,3783339
Rajasthan,2020-03-01,Urban,13.41,48.98,4022722
Rajasthan,2020-04-01,Urban,34.22,52.64,8402845
Rajasthan,2020-05-01,Urban,36.22,45.83,8105876
Rajasthan,2020-06-01,Urban,30.96,51.2,6913749
Rajasthan,2020-07-01,Urban,11.67,53.94,994656
Rajasthan,2020-08-01,Urban,10.73,40.24,9843232
Rajasthan,2020-09-01,Urban,3.82,46.6,12205527
Rajasthan,2020-10-01,Urban,5.14,50.46,7933014
Tamil Nadu,2019-01-01,Rural,7.57,47.61,9694453
Tamil Nadu,2019-02-01,Rural,10.1,52.85,8743851
Tamil Nadu,2019-03-01,Rural,9.6,45.85,574316
Tamil Nadu,2019-04-01,Rural,10.5,42.19,9875166
Tamil Nadu,2019-05-01,Rural,10.76,41.47,7628822
Tamil Nadu,2019-06-01,Rural,8.3,50.46,8648953
Tamil Nadu,2019-07-01,Rural,7.46,51.32,7899636
Tamil Nadu,2019-08-01,Rural,6.31,38.09,10806141
Tamil Nadu,2019-09-01,Rural,5.77,40.53,4646583
Tamil Nadu,2019-10-01,Rural,6.32,52.9,14002590
Tamil Nadu,2019-11-01,Rural,7.16,50.28,12394578
Tamil Nadu,2019-12-01,Rural,6.63,48.08,5767662
Tamil Nadu,2020-01-01,Rural,11.15,38.05,8426206
Tamil Nadu,2020-02-01,Rural,9.27,44.04,10901881
Tamil Nadu,2020-03-01,Rural,15.32,48.92,1219684
Tamil Nadu,2020-04-01,Rural,36.28,47.55,5498782
Tamil Nadu,2020-05-01,Rural,34.55,42.59,8157279
Tamil Nadu,2020-06-01,Rural,31.79,39.31,920156
Tamil Nadu,2020-07-01,Rural,16.01,51.41,6719630
Tamil Nadu,2020-08-01,Rural,16.46,40.51,4393174
Tamil Nadu,2020-09-01,Rural,6.38,41.75,8588992
Tamil Nadu,2020-10-01,Rural,7.29,50.51,13884510
Tamil Nadu,2019-01-01,Urban,12.28,45.16,8530446
Tamil Nadu,2019-02-01,Urban,13.22,51.36,1923037
Tamil Nadu,2019-03-01,Urban,13.99,44.53,7562387
Tamil Nadu,2019-04-01,Urban,12.33,47.99,2783299
Tamil Nadu,2019-05-01,Urban,10.68,38.45,759927
Tamil Nadu,2019-06-01,Urban,10.17,52.14,4006209
Tamil Nadu,2019-07-01,Urban,8.69,53.99,3889470
Tamil Nadu,2019-08-01,Urban,10.21,45.3,11811389
Tamil Nadu,2019-09-01,Urban,9.47,51.64,6467144
Tamil Nadu,2019-10-01,Urban,10.44,46.21,2181140
Tamil Nadu,2019-11-01,Urban,10.8,46.44,6096548
Tamil Nadu,2019-12-01,Urban,10.96,50.4,10328449
Tamil Nadu,2020-01-01,Urban,12.44,40.3,9976907
Tamil Nadu,2020-02-01,Urban,11.54,49.17,12712394
Tamil Nadu,2020-03-01,Urban,18.22,42.45,3337510
Tamil Nadu,2020-04-01,Urban,41.03,42.24,2620250
Tamil Nadu,2020-05-01,Urban,39.97,39.11,4543892
Tamil Nadu,2020-06-01,Urban,26.57,39.07,10017938
Tamil Nadu,2020-07-01,Urban,14.14,43.9,11631942
Tamil Nadu,2020-08-01,Urban,16.08,49.28,12142946
Tamil Nadu,2020-09-01,Urban,10.54,38.89,5879628
Tamil Nadu,2020-10-01,Urban,10.14,42.42,9971974
Uttar Pradesh,2019-01-01,Rural,13.39,41.37,7532318
Uttar Pradesh,2019-02-01,Rural,11.9,45.89,12858093
Uttar Pradesh,2019-03-01,Rural,11.74,39.94,2377039
Uttar Pradesh,2019-04-01,Rural,14.31,41.83,3546551
Uttar Pradesh,2019-05-01,Rural,12.8,46.9,1887117
Uttar Pradesh,2019-06-01,Rural,13.0,52.62,9553410
Uttar Pradesh,2019-07-01,Rural,11.28,47.24,1495001
Uttar Pradesh,2019-08-01,Rural,10.18,45.79,6761411
Uttar Pradesh,2019-09-01,Rural,10.79,45.86,5772620
Uttar Pradesh,2019-10-01,Rural,11.46,49.07,7445515
Uttar Pradesh,2019-11-01,Rural,11.12,51.71,6362816
Uttar Pradesh,2019-12-01,Rural,11.12,38.88,10577356
Uttar Pradesh,2020-01-01,Rural,11.95,40.8,4655954
Uttar Pradesh,2020-02-01,Rural,12.35,50.86,7039236
Uttar Pradesh,2020-03-01,Rural,19.42,45.67,11911015
Uttar Pradesh,2020-04-01,Rural,40.24,38.46,863796
Uttar Pradesh,2020-05-01,Rural,34.64,46.46,1326340
Uttar Pradesh,2020-06-01,Rural,37.58,51.98,3755041
Uttar Pradesh,2020-07-01,Rural,19.7,51.48,7126806
Uttar Pradesh,2020-08-01,Rural,20.19,51.56,4981144
Uttar Pradesh,2020-09-01,Rural,10.42,40.69,9487190
Uttar Pradesh,2020-10-01,Rural,11.4,51.49,4512227
Uttar Pradesh,2019-01-01,Urban,15.82,41.13,11332931
Uttar Pradesh,2019-02-01,Urban,16.3,49.12,2264489
Uttar Pradesh,2019-03-01,Urban,18.97,39.42,10773232
Uttar Pradesh,2019-04-01,Urban,15.64,51.66,6601825
Uttar Pradesh,2019-05-01,Urban,16.08,54.73,8547540
Uttar Pradesh,2019-06-01,Urban,15.86,48.79,2445461
Uttar Pradesh,2019-07-01,Urban,14.47,40.76,584017
Uttar Pradesh,2019-08-01,Urban,15.09,47.52,6917690
Uttar Pradesh,2019-09-01,Urban,14.49,39.35,9497880
Uttar Pradesh,2019-10-01,Urban,14.43,41.19,11075519
Uttar Pradesh,2019-11-01,Urban,14.82,50.07,4308269
Uttar Pradesh,2019-12-01,Urban,16.72,46.01,10337775
Uttar Pradesh,2020-01-01,Urban,14.03,46.4,10754060
Uttar Pradesh,2020-02-01,Urban,16.1,43.7,2533496
Uttar Pradesh,2020-03-01,Urban,26.32,43.92,5179467
Uttar Pradesh,2020-04-01,Urban,42.53,49.07,5462000
Uttar Pradesh,2020-05-01,Urban,36.34,54.64,6172060
Uttar Pradesh,2020-06-01,Urban,33.52,49.5,3466033
Uttar Pradesh,2020-07-01,Urban,24.06,52.23,3454996
Uttar Pradesh,2020-08-01,Urban,24.13,49.8,6019071
Uttar Pradesh,2020-09-01,Urban,12.91,38.56,4273937
Uttar Pradesh,2020-10-01,Urban,13.43,49.1,12211244
West Bengal,2019-01-01,Rural,12.44,49.3,3742315
West Bengal,2019-02-01,Rural,12.94,53.42,8902818
West Bengal,2019-03-01,Rural,11.5,45.6,6349809
West Bengal,2019-04-01,Rural,12.42,52.7,7379940
West Bengal,2019-05-01,Rural,11.97,39.88,5833535
West Bengal,2019-06-01,Rural,10.91,38.71,10003996
West Bengal,2019-07-01,Rural,10.0,52.59,4263553
West Bengal,2019-08-01,Rural,10.09,53.48,10278652
West Bengal,2019-09-01,Rural,10.36,42.79,11792303
West Bengal,2019-10-01,Rural,9.14,39.91,9724740
West Bengal,2019-11-01,Rural,9.31,42.11,616570
West Bengal,2019-12-01,Rural,11.06,45.97,4329834
West Bengal,2020-01-01,Rural,10.11,43.1,10135899
West Bengal,2020-02-01,Rural,13.05,38.82,11818508
West Bengal,2020-03-01,Rural,24.39,53.17,2410042
West Bengal,2020-04-01,Rural,30.16,42.07,8395275
West Bengal,2020-05-01,Rural,27.31,39.08,9126200
West Bengal,2020-06-01,Rural,36.12,39.95,1188833
West Bengal,2020-07-01,Rural,22.56,52.94,6807322
West Bengal,2020-08-01,Rural,18.79,45.32,4138044
West Bengal,2020-09-01,Rural,10.94,48.23,11970581
West Bengal,2020-10-01,Rural,9.32,45.54,8435909
West Bengal,2019-01-01,Urban,16.23,49.94,3302779
West Bengal,2019-02-01,Urban,17.31,46.71,1663127
West Bengal,2019-03-01,Urban,15.5,49.09,12068319
West Bengal,2019-04-01,Urban,13.16,48.21,9797745
West Bengal,2019-05-01,Urban,17.3,39.21,3463977
West Bengal,2019-06-01,Urban,14.37,44.15,6294971
West Bengal,2019-07-01,Urban,13.29,41.33,8112826
West Bengal,2019-08-01,Urban,10.89,42.77,3119963
West Bengal,2019-09-01,Urban,12.56,38.13,3214891
West Bengal,2019-10-01,Urban,12.97,38.62,1798398
West Bengal,2019-11-01,Urban,14.6,47.72,6775760
West Bengal,2019-12-01,Urban,13.68,42.99,12093382
West Bengal,2020-01-01,Urban,14.23,48.49,1844588
West Bengal,2020-02-01,Urban,15.37,43.87,6650154
West Bengal,2020-03-01,Urban,28.78,54.88,1713944
West Bengal,2020-04-01,Urban,34.62,44.71,4325881
West Bengal,2020-05-01,Urban,36.44,48.33,3168892
West Bengal,2020-06-01,Urban,42.13,54.24,7180630
West Bengal,2020-07-01,Urban,18.04,42.38,1117224
West Bengal,2020-08-01,Urban,22.33,49.67,1677622
West Bengal,2020-09-01,Urban,11.93,44.27,1985897
West Bengal,2020-10-01,Urban,10.75,45.12,10167166
